State,!,!=,$,&&,(,),*,+,-,/,;,<,<=,=,==,>,>=,[,],basic,break,do,else,false,id,if,num,real,true,while,{,||,},block,bool,decl,decls,equality,expr,factor,join,loc,program,program',rel,stmt,stmts,term,type,unary
0,,,,,,,,,,,,,,,,,,,,,,,,,,,,,,,s2,,,1,,,,,,,,,3,,,,,,,
1,,,r1,,,,,,,,,,,,,,,,,,,,,,,,,,,,,,,,,,,,,,,,,,,,,,,
2,,,,,,,,,,,,,,,,,,,,r4,r4,r4,,,r4,r4,,,,r4,r4,,r4,,,,4,,,,,,,,,,,,,
3,,,acc,,,,,,,,,,,,,,,,,,,,,,,,,,,,,,,,,,,,,,,,,,,,,,,
4,,,,,,,,,,,,,,,,,,,,s8,r9,r9,,,r9,r9,,,,r9,r9,,r9,,,6,,,,,,,,,,,5,,7,
5,,,,,,,,,,,,,,,,,,,,,s10,s14,,,s12,s16,,,,s15,s13,,s17,11,,,,,,,,9,,,,18,,,,
6,,,,,,,,,,,,,,,,,,,,r3,r3,r3,,,r3,r3,,,,r3,r3,,r3,,,,,,,,,,,,,,,,,
7,,,,,,,,,,,,,,,,,,s20,,,,,,,s19,,,,,,,,,,,,,,,,,,,,,,,,,
8,,,,,,,,,,,,,,,,,,r7,,,,,,,r7,,,,,,,,,,,,,,,,,,,,,,,,,
9,,,,,,,,,,,,,,s22,,,,s21,,,,,,,,,,,,,,,,,,,,,,,,,,,,,,,,
10,,,,,,,,,,,s23,,,,,,,,,,,,,,,,,,,,,,,,,,,,,,,,,,,,,,,
11,,,,,,,,,,,,,,,,,,,,,r16,r16,,,r16,r16,,,,r16,r16,,r16,,,,,,,,,,,,,,,,,
12,,,,,,,,,,,,,,r18,,,,r18,,,,,,,,,,,,,,,,,,,,,,,,,,,,,,,,
13,,,,,,,,,,,,,,,,,,,,r4,r4,r4,,,r4,r4,,,,r4,r4,,r4,,,,24,,,,,,,,,,,,,
14,,,,,,,,,,,,,,,,,,,,,s26,s29,,,s12,s31,,,,s30,s28,,,27,,,,,,,,25,,,,32,,,,
15,,,,,s33,,,,,,,,,,,,,,,,,,,,,,,,,,,,,,,,,,,,,,,,,,,,,
16,,,,,s34,,,,,,,,,,,,,,,,,,,,,,,,,,,,,,,,,,,,,,,,,,,,,
17,,,r2,,,,,,,,,,,,,,,,,,,,,,,,,,,,,,,,,,,,,,,,,,,,,,,
18,,,,,,,,,,,,,,,,,,,,,r8,r8,,,r8,r8,,,,r8,r8,,r8,,,,,,,,,,,,,,,,,
19,,,,,,,,,,,s35,,,,,,,,,,,,,,,,,,,,,,,,,,,,,,,,,,,,,,,
20,,,,,,,,,,,,,,,,,,,,,,,,,,,s36,,,,,,,,,,,,,,,,,,,,,,,
21,,,,,,,,,,,,,,,,,,,,,,,,,,,s37,,,,,,,,,,,,,,,,,,,,,,,
22,s39,,,,s43,,,,s46,,,,,,,,,,,,,,,s42,s51,,s41,s45,s48,,,,,,40,,,54,49,53,52,38,,,47,,,50,,44
23,,,,,,,,,,,,,,,,,,,,,r15,r15,,,r15,r15,,,,r15,r15,,r15,,,,,,,,,,,,,,,,,
24,,,,,,,,,,,,,,,,,,,,s8,r9,r9,,,r9,r9,,,,r9,r9,,r9,,,6,,,,,,,,,,,55,,7,
25,,,,,,,,,,,,,,s56,,,,s21,,,,,,,,,,,,,,,,,,,,,,,,,,,,,,,,
26,,,,,,,,,,,s57,,,,,,,,,,,,,,,,,,,,,,,,,,,,,,,,,,,,,,,
27,,,,,,,,,,,,,,,,,,,,,,,,,,,,,,r16,,,,,,,,,,,,,,,,,,,,
28,,,,,,,,,,,,,,,,,,,,r4,r4,r4,,,r4,r4,,,,r4,r4,,r4,,,,58,,,,,,,,,,,,,
29,,,,,,,,,,,,,,,,,,,,,s26,s29,,,s12,s31,,,,s30,s28,,,27,,,,,,,,25,,,,59,,,,
30,,,,,s60,,,,,,,,,,,,,,,,,,,,,,,,,,,,,,,,,,,,,,,,,,,,,
31,,,,,s61,,,,,,,,,,,,,,,,,,,,,,,,,,,,,,,,,,,,,,,,,,,,,
32,,,,,,,,,,,,,,,,,,,,,,,,,,,,,,s62,,,,,,,,,,,,,,,,,,,,
33,s64,,,,s68,,,,s71,,,,,,,,,,,,,,,s67,s76,,s66,s70,s73,,,,,,65,,,79,74,78,77,63,,,72,,,75,,69
34,s64,,,,s68,,,,s71,,,,,,,,,,,,,,,s67,s76,,s66,s70,s73,,,,,,80,,,79,74,78,77,63,,,72,,,75,,69
35,,,,,,,,,,,,,,,,,,,,r5,r5,r5,,,r5,r5,,,,r5,r5,,r5,,,,,,,,,,,,,,,,,
36,,,,,,,,,,,,,,,,,,,s81,,,,,,,,,,,,,,,,,,,,,,,,,,,,,,,
37,,,,,,,,,,,,,,,,,,,s82,,,,,,,,,,,,,,,,,,,,,,,,,,,,,,,
38,,r41,,r41,,,r41,r41,r41,r41,r41,r41,r41,,r41,r41,r41,s83,,,,,,,,,,,,,,r41,,,,,,,,,,,,,,,,,,
39,s39,,,,s43,,,,s46,,,,,,,,,,,,,,,s42,s51,,s41,s45,s48,,,,,,,,,,,53,,38,,,,,,,,84
40,,,,,,,,,,,s86,,,,,,,,,,,,,,,,,,,,,s85,,,,,,,,,,,,,,,,,,
41,,r42,,r42,,,r42,r42,r42,r42,r42,r42,r42,,r42,r42,r42,,,,,,,,,,,,,,,r42,,,,,,,,,,,,,,,,,,
42,,r45,,r45,,,r45,r45,r45,r45,r45,r45,r45,,r45,r45,r45,,,,,,,,,,,,,,,r45,,,,,,,,,,,,,,,,,,
43,s64,,,,s68,,,,s71,,,,,,,,,,,,,,,s67,s76,,s66,s70,s73,,,,,,87,,,79,74,78,77,63,,,72,,,75,,69
44,,r36,,r36,,,r36,r36,r36,r36,r36,r36,r36,,r36,r36,r36,,,,,,,,,,,,,,,r36,,,,,,,,,,,,,,,,,,
45,,r43,,r43,,,r43,r43,r43,r43,r43,r43,r43,,r43,r43,r43,,,,,,,,,,,,,,,r43,,,,,,,,,,,,,,,,,,
46,s39,,,,s43,,,,s46,,,,,,,,,,,,,,,s42,s51,,s41,s45,s48,,,,,,,,,,,53,,38,,,,,,,,88
47,,r25,,r25,,,,,,,r25,,,,r25,,,,,,,,,,,,,,,,,r25,,,,,,,,,,,,,,,,,,
48,,r44,,r44,,,r44,r44,r44,r44,r44,r44,r44,,r44,r44,r44,,,,,,,,,,,,,,,r44,,,,,,,,,,,,,,,,,,
49,,r30,,r30,,,,s90,s92,,r30,s91,s89,,r30,s93,s94,,,,,,,,,,,,,,,r30,,,,,,,,,,,,,,,,,,
50,,r33,,r33,,,s95,r33,r33,s96,r33,r33,r33,,r33,r33,r33,,,,,,,,,,,,,,,r33,,,,,,,,,,,,,,,,,,
51,,r18,,r18,,,r18,r18,r18,r18,r18,r18,r18,,r18,r18,r18,r18,,,,,,,,,,,,,,r18,,,,,,,,,,,,,,,,,,
52,,,,s97,,,,,,,r20,,,,,,,,,,,,,,,,,,,,,r20,,,,,,,,,,,,,,,,,,
53,,r39,,r39,,,r39,r39,r39,r39,r39,r39,r39,,r39,r39,r39,,,,,,,,,,,,,,,r39,,,,,,,,,,,,,,,,,,
54,,s99,,r22,,,,,,,r22,,,,s98,,,,,,,,,,,,,,,,,r22,,,,,,,,,,,,,,,,,,
55,,,,,,,,,,,,,,,,,,,,,s10,s14,,,s12,s16,,,,s15,s13,,s100,11,,,,,,,,9,,,,18,,,,
56,s39,,,,s43,,,,s46,,,,,,,,,,,,,,,s42,s51,,s41,s45,s48,,,,,,101,,,54,49,53,52,38,,,47,,,50,,44
57,,,,,,,,,,,,,,,,,,,,,,,,,,,,,,r15,,,,,,,,,,,,,,,,,,,,
58,,,,,,,,,,,,,,,,,,,,s8,r9,r9,,,r9,r9,,,,r9,r9,,r9,,,6,,,,,,,,,,,102,,7,
59,,,,,,,,,,,,,,,,,,,,,,,,,,,,,,s103,,,,,,,,,,,,,,,,,,,,
60,s64,,,,s68,,,,s71,,,,,,,,,,,,,,,s67,s76,,s66,s70,s73,,,,,,104,,,79,74,78,77,63,,,72,,,75,,69
61,s64,,,,s68,,,,s71,,,,,,,,,,,,,,,s67,s76,,s66,s70,s73,,,,,,105,,,79,74,78,77,63,,,72,,,75,,69
62,,,,,s106,,,,,,,,,,,,,,,,,,,,,,,,,,,,,,,,,,,,,,,,,,,,,
63,,r41,,r41,,r41,r41,r41,r41,r41,,r41,r41,,r41,r41,r41,s107,,,,,,,,,,,,,,r41,,,,,,,,,,,,,,,,,,
64,s64,,,,s68,,,,s71,,,,,,,,,,,,,,,s67,s76,,s66,s70,s73,,,,,,,,,,,78,,63,,,,,,,,108
65,,,,,,s110,,,,,,,,,,,,,,,,,,,,,,,,,,s109,,,,,,,,,,,,,,,,,,
66,,r42,,r42,,r42,r42,r42,r42,r42,,r42,r42,,r42,r42,r42,,,,,,,,,,,,,,,r42,,,,,,,,,,,,,,,,,,
67,,r45,,r45,,r45,r45,r45,r45,r45,,r45,r45,,r45,r45,r45,,,,,,,,,,,,,,,r45,,,,,,,,,,,,,,,,,,
68,s64,,,,s68,,,,s71,,,,,,,,,,,,,,,s67,s76,,s66,s70,s73,,,,,,111,,,79,74,78,77,63,,,72,,,75,,69
69,,r36,,r36,,r36,r36,r36,r36,r36,,r36,r36,,r36,r36,r36,,,,,,,,,,,,,,,r36,,,,,,,,,,,,,,,,,,
70,,r43,,r43,,r43,r43,r43,r43,r43,,r43,r43,,r43,r43,r43,,,,,,,,,,,,,,,r43,,,,,,,,,,,,,,,,,,
71,s64,,,,s68,,,,s71,,,,,,,,,,,,,,,s67,s76,,s66,s70,s73,,,,,,,,,,,78,,63,,,,,,,,112
72,,r25,,r25,,r25,,,,,,,,,r25,,,,,,,,,,,,,,,,,r25,,,,,,,,,,,,,,,,,,
73,,r44,,r44,,r44,r44,r44,r44,r44,,r44,r44,,r44,r44,r44,,,,,,,,,,,,,,,r44,,,,,,,,,,,,,,,,,,
74,,r30,,r30,,r30,,s114,s116,,,s115,s113,,r30,s117,s118,,,,,,,,,,,,,,,r30,,,,,,,,,,,,,,,,,,
75,,r33,,r33,,r33,s119,r33,r33,s120,,r33,r33,,r33,r33,r33,,,,,,,,,,,,,,,r33,,,,,,,,,,,,,,,,,,
76,,r18,,r18,,r18,r18,r18,r18,r18,,r18,r18,,r18,r18,r18,r18,,,,,,,,,,,,,,r18,,,,,,,,,,,,,,,,,,
77,,,,s121,,r20,,,,,,,,,,,,,,,,,,,,,,,,,,r20,,,,,,,,,,,,,,,,,,
78,,r39,,r39,,r39,r39,r39,r39,r39,,r39,r39,,r39,r39,r39,,,,,,,,,,,,,,,r39,,,,,,,,,,,,,,,,,,
79,,s123,,r22,,r22,,,,,,,,,s122,,,,,,,,,,,,,,,,,r22,,,,,,,,,,,,,,,,,,
80,,,,,,s124,,,,,,,,,,,,,,,,,,,,,,,,,,s109,,,,,,,,,,,,,,,,,,
81,,,,,,,,,,,,,,,,,,r6,,,,,,,r6,,,,,,,,,,,,,,,,,,,,,,,,,
82,,,,,,,,,,,,,,r17,,,,r17,,,,,,,,,,,,,,,,,,,,,,,,,,,,,,,,
83,,,,,,,,,,,,,,,,,,,,,,,,,,,s125,,,,,,,,,,,,,,,,,,,,,,,
84,,r37,,r37,,,r37,r37,r37,r37,r37,r37,r37,,r37,r37,r37,,,,,,,,,,,,,,,r37,,,,,,,,,,,,,,,,,,
85,s39,,,,s43,,,,s46,,,,,,,,,,,,,,,s42,s51,,s41,s45,s48,,,,,,,,,54,49,53,126,38,,,47,,,50,,44
86,,,,,,,,,,,,,,,,,,,,,r10,r10,,,r10,r10,,,,r10,r10,,r10,,,,,,,,,,,,,,,,,
87,,,,,,s127,,,,,,,,,,,,,,,,,,,,,,,,,,s109,,,,,,,,,,,,,,,,,,
88,,r38,,r38,,,r38,r38,r38,r38,r38,r38,r38,,r38,r38,r38,,,,,,,,,,,,,,,r38,,,,,,,,,,,,,,,,,,
89,s129,,,,s132,,,,s135,,,,,,,,,,,,,,,s131,s139,,s130,s134,s136,,,,,,,,,,138,140,,128,,,,,,137,,133
90,s39,,,,s43,,,,s46,,,,,,,,,,,,,,,s42,s51,,s41,s45,s48,,,,,,,,,,,53,,38,,,,,,141,,44
91,s129,,,,s132,,,,s135,,,,,,,,,,,,,,,s131,s139,,s130,s134,s136,,,,,,,,,,142,140,,128,,,,,,137,,133
92,s39,,,,s43,,,,s46,,,,,,,,,,,,,,,s42,s51,,s41,s45,s48,,,,,,,,,,,53,,38,,,,,,143,,44
93,s129,,,,s132,,,,s135,,,,,,,,,,,,,,,s131,s139,,s130,s134,s136,,,,,,,,,,144,140,,128,,,,,,137,,133
94,s129,,,,s132,,,,s135,,,,,,,,,,,,,,,s131,s139,,s130,s134,s136,,,,,,,,,,145,140,,128,,,,,,137,,133
95,s39,,,,s43,,,,s46,,,,,,,,,,,,,,,s42,s51,,s41,s45,s48,,,,,,,,,,,53,,38,,,,,,,,146
96,s39,,,,s43,,,,s46,,,,,,,,,,,,,,,s42,s51,,s41,s45,s48,,,,,,,,,,,53,,38,,,,,,,,147
97,s39,,,,s43,,,,s46,,,,,,,,,,,,,,,s42,s51,,s41,s45,s48,,,,,,,,,148,49,53,,38,,,47,,,50,,44
98,s39,,,,s43,,,,s46,,,,,,,,,,,,,,,s42,s51,,s41,s45,s48,,,,,,,,,,49,53,,38,,,149,,,50,,44
99,s39,,,,s43,,,,s46,,,,,,,,,,,,,,,s42,s51,,s41,s45,s48,,,,,,,,,,49,53,,38,,,150,,,50,,44
100,,,,,,,,,,,,,,,,,,,,,r2,r2,,,r2,r2,,,,r2,r2,,r2,,,,,,,,,,,,,,,,,
101,,,,,,,,,,,s151,,,,,,,,,,,,,,,,,,,,,s85,,,,,,,,,,,,,,,,,,
102,,,,,,,,,,,,,,,,,,,,,s10,s14,,,s12,s16,,,,s15,s13,,s152,11,,,,,,,,9,,,,18,,,,
103,,,,,s153,,,,,,,,,,,,,,,,,,,,,,,,,,,,,,,,,,,,,,,,,,,,,
104,,,,,,s154,,,,,,,,,,,,,,,,,,,,,,,,,,s109,,,,,,,,,,,,,,,,,,
105,,,,,,s155,,,,,,,,,,,,,,,,,,,,,,,,,,s109,,,,,,,,,,,,,,,,,,
106,s64,,,,s68,,,,s71,,,,,,,,,,,,,,,s67,s76,,s66,s70,s73,,,,,,156,,,79,74,78,77,63,,,72,,,75,,69
107,,,,,,,,,,,,,,,,,,,,,,,,,,,s157,,,,,,,,,,,,,,,,,,,,,,,
108,,r37,,r37,,r37,r37,r37,r37,r37,,r37,r37,,r37,r37,r37,,,,,,,,,,,,,,,r37,,,,,,,,,,,,,,,,,,
109,s64,,,,s68,,,,s71,,,,,,,,,,,,,,,s67,s76,,s66,s70,s73,,,,,,,,,79,74,78,158,63,,,72,,,75,,69
110,,,,,,,,,,,,,,,,,,,,,s10,s14,,,s12,s16,,,,s15,s13,,,11,,,,,,,,9,,,,159,,,,
111,,,,,,s160,,,,,,,,,,,,,,,,,,,,,,,,,,s109,,,,,,,,,,,,,,,,,,
112,,r38,,r38,,r38,r38,r38,r38,r38,,r38,r38,,r38,r38,r38,,,,,,,,,,,,,,,r38,,,,,,,,,,,,,,,,,,
113,s162,,,,s165,,,,s168,,,,,,,,,,,,,,,s164,s172,,s163,s167,s169,,,,,,,,,,171,173,,161,,,,,,170,,166
114,s64,,,,s68,,,,s71,,,,,,,,,,,,,,,s67,s76,,s66,s70,s73,,,,,,,,,,,78,,63,,,,,,174,,69
115,s162,,,,s165,,,,s168,,,,,,,,,,,,,,,s164,s172,,s163,s167,s169,,,,,,,,,,175,173,,161,,,,,,170,,166
116,s64,,,,s68,,,,s71,,,,,,,,,,,,,,,s67,s76,,s66,s70,s73,,,,,,,,,,,78,,63,,,,,,176,,69
117,s162,,,,s165,,,,s168,,,,,,,,,,,,,,,s164,s172,,s163,s167,s169,,,,,,,,,,177,173,,161,,,,,,170,,166
118,s162,,,,s165,,,,s168,,,,,,,,,,,,,,,s164,s172,,s163,s167,s169,,,,,,,,,,178,173,,161,,,,,,170,,166
119,s64,,,,s68,,,,s71,,,,,,,,,,,,,,,s67,s76,,s66,s70,s73,,,,,,,,,,,78,,63,,,,,,,,179
120,s64,,,,s68,,,,s71,,,,,,,,,,,,,,,s67,s76,,s66,s70,s73,,,,,,,,,,,78,,63,,,,,,,,180
121,s64,,,,s68,,,,s71,,,,,,,,,,,,,,,s67,s76,,s66,s70,s73,,,,,,,,,181,74,78,,63,,,72,,,75,,69
122,s64,,,,s68,,,,s71,,,,,,,,,,,,,,,s67,s76,,s66,s70,s73,,,,,,,,,,74,78,,63,,,182,,,75,,69
123,s64,,,,s68,,,,s71,,,,,,,,,,,,,,,s67,s76,,s66,s70,s73,,,,,,,,,,74,78,,63,,,183,,,75,,69
124,,,,,,,,,,,,,,,,,,,,,s185,s188,,,s12,s190,,,,s189,s187,,,186,,,,,,,,184,,,,191,,,,
125,,,,,,,,,,,,,,,,,,,s192,,,,,,,,,,,,,,,,,,,,,,,,,,,,,,,
126,,,,s97,,,,,,,r19,,,,,,,,,,,,,,,,,,,,,r19,,,,,,,,,,,,,,,,,,
127,,r40,,r40,,,r40,r40,r40,r40,r40,r40,r40,,r40,r40,r40,,,,,,,,,,,,,,,r40,,,,,,,,,,,,,,,,,,
128,,r41,,r41,,,r41,r41,r41,r41,r41,,,,r41,,,s193,,,,,,,,,,,,,,r41,,,,,,,,,,,,,,,,,,
129,s129,,,,s132,,,,s135,,,,,,,,,,,,,,,s131,s139,,s130,s134,s136,,,,,,,,,,,140,,128,,,,,,,,194
130,,r42,,r42,,,r42,r42,r42,r42,r42,,,,r42,,,,,,,,,,,,,,,,,r42,,,,,,,,,,,,,,,,,,
131,,r45,,r45,,,r45,r45,r45,r45,r45,,,,r45,,,,,,,,,,,,,,,,,r45,,,,,,,,,,,,,,,,,,
132,s64,,,,s68,,,,s71,,,,,,,,,,,,,,,s67,s76,,s66,s70,s73,,,,,,195,,,79,74,78,77,63,,,72,,,75,,69
133,,r36,,r36,,,r36,r36,r36,r36,r36,,,,r36,,,,,,,,,,,,,,,,,r36,,,,,,,,,,,,,,,,,,
134,,r43,,r43,,,r43,r43,r43,r43,r43,,,,r43,,,,,,,,,,,,,,,,,r43,,,,,,,,,,,,,,,,,,
135,s129,,,,s132,,,,s135,,,,,,,,,,,,,,,s131,s139,,s130,s134,s136,,,,,,,,,,,140,,128,,,,,,,,196
136,,r44,,r44,,,r44,r44,r44,r44,r44,,,,r44,,,,,,,,,,,,,,,,,r44,,,,,,,,,,,,,,,,,,
137,,r33,,r33,,,s197,r33,r33,s198,r33,,,,r33,,,,,,,,,,,,,,,,,r33,,,,,,,,,,,,,,,,,,
138,,r27,,r27,,,,s199,s200,,r27,,,,r27,,,,,,,,,,,,,,,,,r27,,,,,,,,,,,,,,,,,,
139,,r18,,r18,,,r18,r18,r18,r18,r18,,,,r18,,,r18,,,,,,,,,,,,,,r18,,,,,,,,,,,,,,,,,,
140,,r39,,r39,,,r39,r39,r39,r39,r39,,,,r39,,,,,,,,,,,,,,,,,r39,,,,,,,,,,,,,,,,,,
141,,r31,,r31,,,s95,r31,r31,s96,r31,r31,r31,,r31,r31,r31,,,,,,,,,,,,,,,r31,,,,,,,,,,,,,,,,,,
142,,r26,,r26,,,,s199,s200,,r26,,,,r26,,,,,,,,,,,,,,,,,r26,,,,,,,,,,,,,,,,,,
143,,r32,,r32,,,s95,r32,r32,s96,r32,r32,r32,,r32,r32,r32,,,,,,,,,,,,,,,r32,,,,,,,,,,,,,,,,,,
144,,r29,,r29,,,,s199,s200,,r29,,,,r29,,,,,,,,,,,,,,,,,r29,,,,,,,,,,,,,,,,,,
145,,r28,,r28,,,,s199,s200,,r28,,,,r28,,,,,,,,,,,,,,,,,r28,,,,,,,,,,,,,,,,,,
146,,r34,,r34,,,r34,r34,r34,r34,r34,r34,r34,,r34,r34,r34,,,,,,,,,,,,,,,r34,,,,,,,,,,,,,,,,,,
147,,r35,,r35,,,r35,r35,r35,r35,r35,r35,r35,,r35,r35,r35,,,,,,,,,,,,,,,r35,,,,,,,,,,,,,,,,,,
148,,s99,,r21,,,,,,,r21,,,,s98,,,,,,,,,,,,,,,,,r21,,,,,,,,,,,,,,,,,,
149,,r23,,r23,,,,,,,r23,,,,r23,,,,,,,,,,,,,,,,,r23,,,,,,,,,,,,,,,,,,
150,,r24,,r24,,,,,,,r24,,,,r24,,,,,,,,,,,,,,,,,r24,,,,,,,,,,,,,,,,,,
151,,,,,,,,,,,,,,,,,,,,,,,,,,,,,,r10,,,,,,,,,,,,,,,,,,,,
152,,,,,,,,,,,,,,,,,,,,,,,,,,,,,,r2,,,,,,,,,,,,,,,,,,,,
153,s64,,,,s68,,,,s71,,,,,,,,,,,,,,,s67,s76,,s66,s70,s73,,,,,,201,,,79,74,78,77,63,,,72,,,75,,69
154,,,,,,,,,,,,,,,,,,,,,s26,s29,,,s12,s31,,,,s30,s28,,,27,,,,,,,,25,,,,202,,,,
155,,,,,,,,,,,,,,,,,,,,,s204,s207,,,s12,s209,,,,s208,s206,,,205,,,,,,,,203,,,,210,,,,
156,,,,,,s211,,,,,,,,,,,,,,,,,,,,,,,,,,s109,,,,,,,,,,,,,,,,,,
157,,,,,,,,,,,,,,,,,,,s212,,,,,,,,,,,,,,,,,,,,,,,,,,,,,,,
158,,,,s121,,r19,,,,,,,,,,,,,,,,,,,,,,,,,,r19,,,,,,,,,,,,,,,,,,
159,,,,,,,,,,,,,,,,,,,,,r13,r13,,,r13,r13,,,,r13,r13,,r13,,,,,,,,,,,,,,,,,
160,,r40,,r40,,r40,r40,r40,r40,r40,,r40,r40,,r40,r40,r40,,,,,,,,,,,,,,,r40,,,,,,,,,,,,,,,,,,
161,,r41,,r41,,r41,r41,r41,r41,r41,,,,,r41,,,s213,,,,,,,,,,,,,,r41,,,,,,,,,,,,,,,,,,
162,s162,,,,s165,,,,s168,,,,,,,,,,,,,,,s164,s172,,s163,s167,s169,,,,,,,,,,,173,,161,,,,,,,,214
163,,r42,,r42,,r42,r42,r42,r42,r42,,,,,r42,,,,,,,,,,,,,,,,,r42,,,,,,,,,,,,,,,,,,
164,,r45,,r45,,r45,r45,r45,r45,r45,,,,,r45,,,,,,,,,,,,,,,,,r45,,,,,,,,,,,,,,,,,,
165,s64,,,,s68,,,,s71,,,,,,,,,,,,,,,s67,s76,,s66,s70,s73,,,,,,215,,,79,74,78,77,63,,,72,,,75,,69
166,,r36,,r36,,r36,r36,r36,r36,r36,,,,,r36,,,,,,,,,,,,,,,,,r36,,,,,,,,,,,,,,,,,,
167,,r43,,r43,,r43,r43,r43,r43,r43,,,,,r43,,,,,,,,,,,,,,,,,r43,,,,,,,,,,,,,,,,,,
168,s162,,,,s165,,,,s168,,,,,,,,,,,,,,,s164,s172,,s163,s167,s169,,,,,,,,,,,173,,161,,,,,,,,216
169,,r44,,r44,,r44,r44,r44,r44,r44,,,,,r44,,,,,,,,,,,,,,,,,r44,,,,,,,,,,,,,,,,,,
170,,r33,,r33,,r33,s217,r33,r33,s218,,,,,r33,,,,,,,,,,,,,,,,,r33,,,,,,,,,,,,,,,,,,
171,,r27,,r27,,r27,,s219,s220,,,,,,r27,,,,,,,,,,,,,,,,,r27,,,,,,,,,,,,,,,,,,
172,,r18,,r18,,r18,r18,r18,r18,r18,,,,,r18,,,r18,,,,,,,,,,,,,,r18,,,,,,,,,,,,,,,,,,
173,,r39,,r39,,r39,r39,r39,r39,r39,,,,,r39,,,,,,,,,,,,,,,,,r39,,,,,,,,,,,,,,,,,,
174,,r31,,r31,,r31,s119,r31,r31,s120,,r31,r31,,r31,r31,r31,,,,,,,,,,,,,,,r31,,,,,,,,,,,,,,,,,,
175,,r26,,r26,,r26,,s219,s220,,,,,,r26,,,,,,,,,,,,,,,,,r26,,,,,,,,,,,,,,,,,,
176,,r32,,r32,,r32,s119,r32,r32,s120,,r32,r32,,r32,r32,r32,,,,,,,,,,,,,,,r32,,,,,,,,,,,,,,,,,,
177,,r29,,r29,,r29,,s219,s220,,,,,,r29,,,,,,,,,,,,,,,,,r29,,,,,,,,,,,,,,,,,,
178,,r28,,r28,,r28,,s219,s220,,,,,,r28,,,,,,,,,,,,,,,,,r28,,,,,,,,,,,,,,,,,,
179,,r34,,r34,,r34,r34,r34,r34,r34,,r34,r34,,r34,r34,r34,,,,,,,,,,,,,,,r34,,,,,,,,,,,,,,,,,,
180,,r35,,r35,,r35,r35,r35,r35,r35,,r35,r35,,r35,r35,r35,,,,,,,,,,,,,,,r35,,,,,,,,,,,,,,,,,,
181,,s123,,r21,,r21,,,,,,,,,s122,,,,,,,,,,,,,,,,,r21,,,,,,,,,,,,,,,,,,
182,,r23,,r23,,r23,,,,,,,,,r23,,,,,,,,,,,,,,,,,r23,,,,,,,,,,,,,,,,,,
183,,r24,,r24,,r24,,,,,,,,,r24,,,,,,,,,,,,,,,,,r24,,,,,,,,,,,,,,,,,,
184,,,,,,,,,,,,,,s221,,,,s21,,,,,,,,,,,,,,,,,,,,,,,,,,,,,,,,
185,,,,,,,,,,,s222,,,,,,,,,,,,,,,,,,,,,,,,,,,,,,,,,,,,,,,
186,,,,,,,,,,,,,,,,,,,,,r16,r16,r16,,r16,r16,,,,r16,r16,,r16,,,,,,,,,,,,,,,,,
187,,,,,,,,,,,,,,,,,,,,r4,r4,r4,,,r4,r4,,,,r4,r4,,r4,,,,223,,,,,,,,,,,,,
188,,,,,,,,,,,,,,,,,,,,,s26,s29,,,s12,s31,,,,s30,s28,,,27,,,,,,,,25,,,,224,,,,
189,,,,,s225,,,,,,,,,,,,,,,,,,,,,,,,,,,,,,,,,,,,,,,,,,,,,
190,,,,,s226,,,,,,,,,,,,,,,,,,,,,,,,,,,,,,,,,,,,,,,,,,,,,
191,,,,,,,,,,,,,,,,,,,,,r11,r11,s227,,r11,r11,,,,r11,r11,,r11,,,,,,,,,,,,,,,,,
192,,r17,,r17,,,r17,r17,r17,r17,r17,r17,r17,,r17,r17,r17,r17,,,,,,,,,,,,,,r17,,,,,,,,,,,,,,,,,,
193,,,,,,,,,,,,,,,,,,,,,,,,,,,s228,,,,,,,,,,,,,,,,,,,,,,,
194,,r37,,r37,,,r37,r37,r37,r37,r37,,,,r37,,,,,,,,,,,,,,,,,r37,,,,,,,,,,,,,,,,,,
195,,,,,,s229,,,,,,,,,,,,,,,,,,,,,,,,,,s109,,,,,,,,,,,,,,,,,,
196,,r38,,r38,,,r38,r38,r38,r38,r38,,,,r38,,,,,,,,,,,,,,,,,r38,,,,,,,,,,,,,,,,,,
197,s129,,,,s132,,,,s135,,,,,,,,,,,,,,,s131,s139,,s130,s134,s136,,,,,,,,,,,140,,128,,,,,,,,230
198,s129,,,,s132,,,,s135,,,,,,,,,,,,,,,s131,s139,,s130,s134,s136,,,,,,,,,,,140,,128,,,,,,,,231
199,s129,,,,s132,,,,s135,,,,,,,,,,,,,,,s131,s139,,s130,s134,s136,,,,,,,,,,,140,,128,,,,,,232,,133
200,s129,,,,s132,,,,s135,,,,,,,,,,,,,,,s131,s139,,s130,s134,s136,,,,,,,,,,,140,,128,,,,,,233,,133
201,,,,,,s234,,,,,,,,,,,,,,,,,,,,,,,,,,s109,,,,,,,,,,,,,,,,,,
202,,,,,,,,,,,,,,,,,,,,,,,,,,,,,,r13,,,,,,,,,,,,,,,,,,,,
203,,,,,,,,,,,,,,s235,,,,s21,,,,,,,,,,,,,,,,,,,,,,,,,,,,,,,,
204,,,,,,,,,,,s236,,,,,,,,,,,,,,,,,,,,,,,,,,,,,,,,,,,,,,,
205,,,,,,,,,,,,,,,,,,,,,,,r16,,,,,,,r16,,,,,,,,,,,,,,,,,,,,
206,,,,,,,,,,,,,,,,,,,,r4,r4,r4,,,r4,r4,,,,r4,r4,,r4,,,,237,,,,,,,,,,,,,
207,,,,,,,,,,,,,,,,,,,,,s26,s29,,,s12,s31,,,,s30,s28,,,27,,,,,,,,25,,,,238,,,,
208,,,,,s239,,,,,,,,,,,,,,,,,,,,,,,,,,,,,,,,,,,,,,,,,,,,,
209,,,,,s240,,,,,,,,,,,,,,,,,,,,,,,,,,,,,,,,,,,,,,,,,,,,,
210,,,,,,,,,,,,,,,,,,,,,,,s241,,,,,,,r11,,,,,,,,,,,,,,,,,,,,
211,,,,,,,,,,,s242,,,,,,,,,,,,,,,,,,,,,,,,,,,,,,,,,,,,,,,
212,,r17,,r17,,r17,r17,r17,r17,r17,,r17,r17,,r17,r17,r17,r17,,,,,,,,,,,,,,r17,,,,,,,,,,,,,,,,,,
213,,,,,,,,,,,,,,,,,,,,,,,,,,,s243,,,,,,,,,,,,,,,,,,,,,,,
214,,r37,,r37,,r37,r37,r37,r37,r37,,,,,r37,,,,,,,,,,,,,,,,,r37,,,,,,,,,,,,,,,,,,
215,,,,,,s244,,,,,,,,,,,,,,,,,,,,,,,,,,s109,,,,,,,,,,,,,,,,,,
216,,r38,,r38,,r38,r38,r38,r38,r38,,,,,r38,,,,,,,,,,,,,,,,,r38,,,,,,,,,,,,,,,,,,
217,s162,,,,s165,,,,s168,,,,,,,,,,,,,,,s164,s172,,s163,s167,s169,,,,,,,,,,,173,,161,,,,,,,,245
218,s162,,,,s165,,,,s168,,,,,,,,,,,,,,,s164,s172,,s163,s167,s169,,,,,,,,,,,173,,161,,,,,,,,246
219,s162,,,,s165,,,,s168,,,,,,,,,,,,,,,s164,s172,,s163,s167,s169,,,,,,,,,,,173,,161,,,,,,247,,166
220,s162,,,,s165,,,,s168,,,,,,,,,,,,,,,s164,s172,,s163,s167,s169,,,,,,,,,,,173,,161,,,,,,248,,166
221,s39,,,,s43,,,,s46,,,,,,,,,,,,,,,s42,s51,,s41,s45,s48,,,,,,249,,,54,49,53,52,38,,,47,,,50,,44
222,,,,,,,,,,,,,,,,,,,,,r15,r15,r15,,r15,r15,,,,r15,r15,,r15,,,,,,,,,,,,,,,,,
223,,,,,,,,,,,,,,,,,,,,s8,r9,r9,,,r9,r9,,,,r9,r9,,r9,,,6,,,,,,,,,,,250,,7,
224,,,,,,,,,,,,,,,,,,,,,,,,,,,,,,s251,,,,,,,,,,,,,,,,,,,,
225,s64,,,,s68,,,,s71,,,,,,,,,,,,,,,s67,s76,,s66,s70,s73,,,,,,252,,,79,74,78,77,63,,,72,,,75,,69
226,s64,,,,s68,,,,s71,,,,,,,,,,,,,,,s67,s76,,s66,s70,s73,,,,,,253,,,79,74,78,77,63,,,72,,,75,,69
227,,,,,,,,,,,,,,,,,,,,,s10,s14,,,s12,s16,,,,s15,s13,,,11,,,,,,,,9,,,,254,,,,
228,,,,,,,,,,,,,,,,,,,s255,,,,,,,,,,,,,,,,,,,,,,,,,,,,,,,
229,,r40,,r40,,,r40,r40,r40,r40,r40,,,,r40,,,,,,,,,,,,,,,,,r40,,,,,,,,,,,,,,,,,,
230,,r34,,r34,,,r34,r34,r34,r34,r34,,,,r34,,,,,,,,,,,,,,,,,r34,,,,,,,,,,,,,,,,,,
231,,r35,,r35,,,r35,r35,r35,r35,r35,,,,r35,,,,,,,,,,,,,,,,,r35,,,,,,,,,,,,,,,,,,
232,,r31,,r31,,,s197,r31,r31,s198,r31,,,,r31,,,,,,,,,,,,,,,,,r31,,,,,,,,,,,,,,,,,,
233,,r32,,r32,,,s197,r32,r32,s198,r32,,,,r32,,,,,,,,,,,,,,,,,r32,,,,,,,,,,,,,,,,,,
234,,,,,,,,,,,s256,,,,,,,,,,,,,,,,,,,,,,,,,,,,,,,,,,,,,,,
235,s39,,,,s43,,,,s46,,,,,,,,,,,,,,,s42,s51,,s41,s45,s48,,,,,,257,,,54,49,53,52,38,,,47,,,50,,44
236,,,,,,,,,,,,,,,,,,,,,,,r15,,,,,,,r15,,,,,,,,,,,,,,,,,,,,
237,,,,,,,,,,,,,,,,,,,,s8,r9,r9,,,r9,r9,,,,r9,r9,,r9,,,6,,,,,,,,,,,258,,7,
238,,,,,,,,,,,,,,,,,,,,,,,,,,,,,,s259,,,,,,,,,,,,,,,,,,,,
239,s64,,,,s68,,,,s71,,,,,,,,,,,,,,,s67,s76,,s66,s70,s73,,,,,,260,,,79,74,78,77,63,,,72,,,75,,69
240,s64,,,,s68,,,,s71,,,,,,,,,,,,,,,s67,s76,,s66,s70,s73,,,,,,261,,,79,74,78,77,63,,,72,,,75,,69
241,,,,,,,,,,,,,,,,,,,,,s26,s29,,,s12,s31,,,,s30,s28,,,27,,,,,,,,25,,,,262,,,,
242,,,,,,,,,,,,,,,,,,,,,r14,r14,,,r14,r14,,,,r14,r14,,r14,,,,,,,,,,,,,,,,,
243,,,,,,,,,,,,,,,,,,,s263,,,,,,,,,,,,,,,,,,,,,,,,,,,,,,,
244,,r40,,r40,,r40,r40,r40,r40,r40,,,,,r40,,,,,,,,,,,,,,,,,r40,,,,,,,,,,,,,,,,,,
245,,r34,,r34,,r34,r34,r34,r34,r34,,,,,r34,,,,,,,,,,,,,,,,,r34,,,,,,,,,,,,,,,,,,
246,,r35,,r35,,r35,r35,r35,r35,r35,,,,,r35,,,,,,,,,,,,,,,,,r35,,,,,,,,,,,,,,,,,,
247,,r31,,r31,,r31,s217,r31,r31,s218,,,,,r31,,,,,,,,,,,,,,,,,r31,,,,,,,,,,,,,,,,,,
248,,r32,,r32,,r32,s217,r32,r32,s218,,,,,r32,,,,,,,,,,,,,,,,,r32,,,,,,,,,,,,,,,,,,
249,,,,,,,,,,,s264,,,,,,,,,,,,,,,,,,,,,s85,,,,,,,,,,,,,,,,,,
250,,,,,,,,,,,,,,,,,,,,,s10,s14,,,s12,s16,,,,s15,s13,,s265,11,,,,,,,,9,,,,18,,,,
251,,,,,s266,,,,,,,,,,,,,,,,,,,,,,,,,,,,,,,,,,,,,,,,,,,,,
252,,,,,,s267,,,,,,,,,,,,,,,,,,,,,,,,,,s109,,,,,,,,,,,,,,,,,,
253,,,,,,s268,,,,,,,,,,,,,,,,,,,,,,,,,,s109,,,,,,,,,,,,,,,,,,
254,,,,,,,,,,,,,,,,,,,,,r12,r12,,,r12,r12,,,,r12,r12,,r12,,,,,,,,,,,,,,,,,
255,,r17,,r17,,,r17,r17,r17,r17,r17,,,,r17,,,r17,,,,,,,,,,,,,,r17,,,,,,,,,,,,,,,,,,
256,,,,,,,,,,,,,,,,,,,,,,,,,,,,,,r14,,,,,,,,,,,,,,,,,,,,
257,,,,,,,,,,,s269,,,,,,,,,,,,,,,,,,,,,s85,,,,,,,,,,,,,,,,,,
258,,,,,,,,,,,,,,,,,,,,,s10,s14,,,s12,s16,,,,s15,s13,,s270,11,,,,,,,,9,,,,18,,,,
259,,,,,s271,,,,,,,,,,,,,,,,,,,,,,,,,,,,,,,,,,,,,,,,,,,,,
260,,,,,,s272,,,,,,,,,,,,,,,,,,,,,,,,,,s109,,,,,,,,,,,,,,,,,,
261,,,,,,s273,,,,,,,,,,,,,,,,,,,,,,,,,,s109,,,,,,,,,,,,,,,,,,
262,,,,,,,,,,,,,,,,,,,,,,,,,,,,,,r12,,,,,,,,,,,,,,,,,,,,
263,,r17,,r17,,r17,r17,r17,r17,r17,,,,,r17,,,r17,,,,,,,,,,,,,,r17,,,,,,,,,,,,,,,,,,
264,,,,,,,,,,,,,,,,,,,,,r10,r10,r10,,r10,r10,,,,r10,r10,,r10,,,,,,,,,,,,,,,,,
265,,,,,,,,,,,,,,,,,,,,,r2,r2,r2,,r2,r2,,,,r2,r2,,r2,,,,,,,,,,,,,,,,,
266,s64,,,,s68,,,,s71,,,,,,,,,,,,,,,s67,s76,,s66,s70,s73,,,,,,274,,,79,74,78,77,63,,,72,,,75,,69
267,,,,,,,,,,,,,,,,,,,,,s185,s188,,,s12,s190,,,,s189,s187,,,186,,,,,,,,184,,,,275,,,,
268,,,,,,,,,,,,,,,,,,,,,s185,s188,,,s12,s190,,,,s189,s187,,,186,,,,,,,,184,,,,276,,,,
269,,,,,,,,,,,,,,,,,,,,,,,r10,,,,,,,r10,,,,,,,,,,,,,,,,,,,,
270,,,,,,,,,,,,,,,,,,,,,,,r2,,,,,,,r2,,,,,,,,,,,,,,,,,,,,
271,s64,,,,s68,,,,s71,,,,,,,,,,,,,,,s67,s76,,s66,s70,s73,,,,,,277,,,79,74,78,77,63,,,72,,,75,,69
272,,,,,,,,,,,,,,,,,,,,,s204,s207,,,s12,s209,,,,s208,s206,,,205,,,,,,,,203,,,,278,,,,
273,,,,,,,,,,,,,,,,,,,,,s204,s207,,,s12,s209,,,,s208,s206,,,205,,,,,,,,203,,,,279,,,,
274,,,,,,s280,,,,,,,,,,,,,,,,,,,,,,,,,,s109,,,,,,,,,,,,,,,,,,
275,,,,,,,,,,,,,,,,,,,,,r13,r13,r13,,r13,r13,,,,r13,r13,,r13,,,,,,,,,,,,,,,,,
276,,,,,,,,,,,,,,,,,,,,,r11,r11,s281,,r11,r11,,,,r11,r11,,r11,,,,,,,,,,,,,,,,,
277,,,,,,s282,,,,,,,,,,,,,,,,,,,,,,,,,,s109,,,,,,,,,,,,,,,,,,
278,,,,,,,,,,,,,,,,,,,,,,,r13,,,,,,,r13,,,,,,,,,,,,,,,,,,,,
279,,,,,,,,,,,,,,,,,,,,,,,s283,,,,,,,r11,,,,,,,,,,,,,,,,,,,,
280,,,,,,,,,,,s284,,,,,,,,,,,,,,,,,,,,,,,,,,,,,,,,,,,,,,,
281,,,,,,,,,,,,,,,,,,,,,s185,s188,,,s12,s190,,,,s189,s187,,,186,,,,,,,,184,,,,285,,,,
282,,,,,,,,,,,s286,,,,,,,,,,,,,,,,,,,,,,,,,,,,,,,,,,,,,,,
283,,,,,,,,,,,,,,,,,,,,,s204,s207,,,s12,s209,,,,s208,s206,,,205,,,,,,,,203,,,,287,,,,
284,,,,,,,,,,,,,,,,,,,,,r14,r14,r14,,r14,r14,,,,r14,r14,,r14,,,,,,,,,,,,,,,,,
285,,,,,,,,,,,,,,,,,,,,,r12,r12,r12,,r12,r12,,,,r12,r12,,r12,,,,,,,,,,,,,,,,,
286,,,,,,,,,,,,,,,,,,,,,,,r14,,,,,,,r14,,,,,,,,,,,,,,,,,,,,
287,,,,,,,,,,,,,,,,,,,,,,,r12,,,,,,,r12,,,,,,,,,,,,,,,,,,,,
